t,paused,frame,hx,hy,hz,h_raw,yaw,pitch,roll,cabin_yaw,cabin_pitch,cabin_roll,truck_heading
1790747418.441,0,1,0.0000,-0.0500,0.0000,0.00000,0.00,-3.00,0.00,0.00,0.00,0.00,-85.82
1790747418.542,0,1,0.0000,-0.0500,0.0000,0.00000,0.00,-3.00,0.00,0.00,0.00,0.00,-85.82
1790747418.643,0,1,0.0000,-0.0500,0.0000,0.00000,0.00,-3.00,0.00,0.00,0.00,0.00,-85.82
1790747418.743,0,1,0.0000,-0.0500,0.0000,0.00000,0.00,-3.00,0.00,0.00,0.00,0.00,-85.82
1790747418.843,0,1,0.0000,-0.0500,0.0000,0.00000,0.00,-3.00,0.00,0.00,0.00,0.00,-85.82
1790747418.944,0,1,0.0000,-0.0500,0.0000,0.00000,0.00,-3.00,0.00,0.00,0.00,0.00,-85.82
1790747419.044,0,1,0.0000,-0.0500,0.0000,0.00000,0.00,-3.00,0.00,0.00,0.00,0.00,-85.82
1790747419.145,0,1,0.0000,-0.0500,0.0000,0.00000,0.00,-3.00,0.00,0.00,0.00,0.00,-85.82
1790747419.246,0,1,0.0000,-0.0500,0.0000,0.00000,0.00,-3.00,0.00,0.00,0.00,0.00,-85.82
1790747419.346,0,1,0.0000,-0.0500,0.0000,0.00000,0.00,-3.00,0.00,0.00,0.00,0.00,-85.82
1790747419.446,0,1,0.0000,-0.0500,0.0000,0.00000,0.00,-3.00,0.00,0.00,0.00,0.00,-85.82
1790747419.547,0,1,0.0000,-0.0500,0.0000,0.00000,0.00,-3.00,0.00,0.00,0.00,0.00,-85.82
1790747419.647,0,1,0.0000,-0.0500,0.0000,0.00000,0.00,-3.00,0.00,0.00,0.00,0.00,-85.82
1790747419.748,0,1,0.0000,-0.0500,0.0000,0.00000,0.00,-3.00,0.00,0.00,0.00,0.00,-85.82
1790747419.848,0,1,0.0000,-0.0500,0.0000,0.00000,0.00,-3.00,0.00,0.00,0.00,0.00,-85.82
1790747419.948,0,1,0.0000,-0.0500,0.0000,0.00000,0.00,-3.00,0.00,0.00,0.00,0.00,-85.82
1790747420.049,0,1,0.0000,-0.0500,0.0000,0.00000,0.00,-3.00,0.00,0.00,0.00,0.00,-85.82
1790747420.150,0,1,0.0000,-0.0500,0.0000,0.00000,0.00,-3.00,0.00,0.00,0.00,0.00,-85.82
1790747420.250,0,1,0.0000,-0.0500,0.0000,0.00000,0.00,-3.00,0.00,0.00,0.00,0.00,-85.82
1790747420.351,0,1,0.0000,-0.0500,0.0000,0.00000,0.00,-3.00,0.00,0.00,0.00,0.00,-85.82
1790747420.451,0,1,0.0000,-0.0500,0.0000,0.00000,0.00,-3.00,0.00,0.00,0.00,0.00,-85.82
1790747420.551,0,1,0.0000,-0.0500,0.0000,0.00000,0.00,-3.00,0.00,0.00,0.00,0.00,-85.82
1790747420.652,0,1,0.0000,-0.0500,0.0000,0.00000,0.00,-3.00,0.00,0.00,0.00,0.00,-85.82
1790747420.752,0,1,0.0000,-0.0500,0.0000,0.00000,0.00,-3.00,0.00,0.00,0.00,0.00,-85.82
1790747420.852,0,1,0.0000,-0.0500,0.0000,0.00000,0.00,-3.00,0.00,0.00,0.00,0.00,-85.82
1790747420.953,0,1,0.0000,-0.0500,0.0000,0.00000,0.00,-3.00,0.00,0.00,0.00,0.00,-85.82
1790747421.053,0,1,0.0000,-0.0500,0.0000,0.00000,0.00,-3.00,0.00,0.00,0.00,0.00,-85.82
1790747421.154,0,1,0.0000,-0.0500,0.0000,0.00000,0.00,-3.00,0.00,0.00,0.00,0.00,-85.82
1790747421.255,0,1,0.0000,-0.0500,0.0000,0.00000,0.00,-3.00,0.00,0.00,0.00,0.00,-85.82
1790747421.355,0,1,0.0000,-0.0500,0.0000,0.00000,0.00,-3.00,0.00,0.00,0.00,0.00,-85.82
1790747421.455,0,1,0.0000,-0.0500,0.0000,0.00000,0.00,-3.00,0.00,0.00,0.00,0.00,-85.82
1790747421.556,0,1,0.0000,-0.0500,0.0000,0.00000,0.00,-3.00,0.00,0.00,0.00,0.00,-85.82
1790747421.656,0,1,0.0000,-0.0500,0.0000,0.00000,0.00,-3.00,0.00,0.00,0.00,0.00,-85.82
1790747421.757,0,1,0.0000,-0.0500,0.0000,0.00000,0.00,-3.00,0.00,0.00,0.00,0.00,-85.82
1790747421.857,0,1,0.0000,-0.0500,0.0000,0.00000,0.00,-3.00,0.00,0.00,0.00,0.00,-85.82
1790747421.958,0,1,0.0000,-0.0500,0.0000,0.00000,0.00,-3.00,0.00,0.00,0.00,0.00,-85.82
1790747422.058,0,1,0.0000,-0.0500,0.0000,0.00000,0.00,-3.00,0.00,0.00,0.00,0.00,-85.82
1790747422.159,0,1,0.0000,-0.0500,0.0000,0.00000,0.00,-3.00,0.00,0.00,0.00,0.00,-85.82
1790747422.260,0,1,0.0000,-0.0500,0.0000,0.00000,0.00,-3.00,0.00,0.00,0.00,0.00,-85.82
1790747422.360,0,1,0.0000,-0.0500,0.0000,0.00000,0.00,-3.00,0.00,0.00,0.00,0.00,-85.82
1790747422.461,0,1,0.0000,-0.0500,0.0000,0.00000,0.00,-3.00,0.00,0.00,0.00,0.00,-85.82
1790747422.561,0,1,0.0000,-0.0500,0.0000,0.00000,0.00,-3.00,0.00,0.00,0.00,0.00,-85.82
1790747422.662,0,1,0.0000,-0.0500,0.0000,0.00000,0.00,-3.00,0.00,0.00,0.00,0.00,-85.82
1790747422.762,0,1,0.0000,-0.0500,0.0000,0.00000,0.00,-3.00,0.00,0.00,0.00,0.00,-85.82
1790747422.863,0,1,0.0000,-0.0500,0.0000,0.00000,0.00,-3.00,0.00,0.00,0.00,0.00,-85.82
1790747422.963,0,1,0.0000,-0.0500,0.0000,0.00000,0.00,-3.00,0.00,0.00,0.00,0.00,-85.82
1790747423.064,0,1,0.0000,-0.0500,0.0000,0.00000,0.00,-3.00,0.00,0.00,0.00,0.00,-85.82
1790747423.165,0,1,0.0000,-0.0500,0.0000,0.00000,0.00,-3.00,0.00,0.00,0.00,0.00,-85.82
1790747423.265,0,1,0.0000,-0.0500,0.0000,0.00000,0.00,-3.00,0.00,0.00,0.00,0.00,-85.82
1790747423.365,0,1,0.0000,-0.0500,0.0000,0.00000,0.00,-3.00,0.00,0.00,0.00,0.00,-85.82
1790747423.466,0,1,0.0000,-0.0500,0.0000,0.00000,0.00,-3.00,0.00,0.00,0.00,0.00,-85.82
1790747423.566,0,1,0.0000,-0.0500,0.0000,0.00000,0.00,-3.00,0.00,0.00,0.00,0.00,-85.82
1790747423.667,0,1,0.0000,-0.0500,0.0000,0.00000,0.00,-3.00,0.00,0.00,0.00,0.00,-85.82
1790747423.767,0,1,0.0000,-0.0500,0.0000,0.00000,0.00,-3.00,0.00,0.00,0.00,0.00,-85.82
1790747423.868,0,1,0.0000,-0.0500,0.0000,0.00000,0.00,-3.00,0.00,0.00,0.00,0.00,-85.82
1790747423.968,0,1,0.0000,-0.0500,0.0000,0.00000,0.00,-3.00,0.00,0.00,0.00,0.00,-85.82
1790747424.069,0,1,0.0000,-0.0500,0.0000,0.00000,0.00,-3.00,0.00,0.00,0.00,0.00,-85.82
1790747424.170,0,1,0.0000,-0.0500,0.0000,0.00000,0.00,-3.00,0.00,0.00,0.00,0.00,-85.82
1790747424.270,0,1,0.0000,-0.0500,0.0000,0.00000,0.00,-3.00,0.00,0.00,0.00,0.00,-85.82
1790747424.371,0,1,0.0000,-0.0500,0.0000,0.00000,0.00,-3.00,0.00,0.00,0.00,0.00,-85.82
1790747424.472,0,1,0.0000,-0.0500,0.0000,0.00964,3.47,-3.00,0.00,0.00,0.00,0.00,-85.82
1790747424.572,0,1,0.0000,-0.0500,0.0000,0.04837,17.41,-3.00,0.00,0.00,0.00,0.00,-85.82
1790747424.673,0,1,0.0000,-0.0500,0.0000,0.08398,30.23,-3.00,0.00,0.00,0.00,0.00,-85.82
1790747424.773,0,1,0.0000,-0.0500,0.0000,0.11652,41.95,-3.00,0.00,0.00,0.00,0.00,-85.82
1790747424.874,0,1,0.0000,-0.0500,0.0000,0.14954,53.83,-3.00,0.00,0.00,0.00,0.00,-85.82
1790747424.974,0,1,-0.0621,-0.0500,-0.0621,0.17816,64.14,-3.00,0.00,0.00,0.00,0.00,-85.82
1790747425.075,0,1,-0.2360,-0.0500,-0.2360,0.21038,75.74,-3.00,0.00,0.00,0.00,0.00,-85.82
1790747425.175,0,1,-0.4110,-0.0817,-0.3317,0.24425,87.93,-3.00,0.00,0.00,0.00,0.00,-85.82
1790747425.276,0,1,-0.5989,-0.1354,-0.3854,0.28153,101.35,-3.00,0.00,0.00,0.00,0.00,-85.82
1790747425.376,0,1,-0.6859,-0.1500,-0.4000,0.31657,113.96,-3.00,0.00,0.00,0.00,0.00,-85.82
1790747425.477,0,1,-0.7335,-0.1500,-0.4000,0.34963,125.87,-3.00,0.00,0.00,0.00,0.00,-85.82
1790747425.577,0,1,-0.7605,-0.1584,-0.4000,0.38435,138.37,-3.00,0.00,0.00,0.00,0.00,-85.82
1790747425.677,0,1,-0.7743,-0.1694,-0.4000,0.41505,149.42,-3.00,0.00,0.00,0.00,0.00,-85.82
1790747425.778,0,1,-0.7898,-0.1818,-0.4000,0.44951,161.82,-3.00,0.00,0.00,0.00,0.00,-85.82
1790747425.879,0,1,-0.7996,-0.1897,-0.4000,0.47126,169.65,-3.00,0.00,0.00,0.00,0.00,-85.82
1790747425.979,0,1,-0.7996,-0.1897,-0.4000,0.47126,169.65,-3.00,0.00,0.00,0.00,0.00,-85.82
1790747426.080,0,1,-0.7996,-0.1897,-0.4000,0.47126,169.65,-3.00,0.00,0.00,0.00,0.00,-85.82
1790747426.181,0,1,-0.7996,-0.1897,-0.4000,0.47126,169.65,-3.00,0.00,0.00,0.00,0.00,-85.82
1790747426.281,0,1,-0.7909,-0.1827,-0.4000,0.45203,162.73,-3.00,0.00,0.00,0.00,0.00,-85.82
1790747426.382,0,1,-0.7763,-0.1711,-0.4000,0.41959,151.05,-3.00,0.00,0.00,0.00,0.00,-85.82
1790747426.482,0,1,-0.7618,-0.1594,-0.4000,0.38725,139.41,-3.00,0.00,0.00,0.00,0.00,-85.82
1790747426.582,0,1,-0.7373,-0.1500,-0.4000,0.35229,126.82,-3.00,0.00,0.00,0.00,0.00,-85.82
1790747426.683,0,1,-0.6906,-0.1500,-0.4000,0.31987,115.15,-3.00,0.00,0.00,0.00,0.00,-85.82
1790747426.784,0,1,-0.6181,-0.1409,-0.3909,0.28535,102.72,-3.00,0.00,0.00,0.00,0.00,-85.82
1790747426.884,0,1,-0.4546,-0.0942,-0.3442,0.25290,91.04,-3.00,0.00,0.00,0.00,0.00,-85.82
1790747426.985,0,1,-0.2880,-0.0500,-0.2880,0.21999,79.20,-3.00,0.00,0.00,0.00,0.00,-85.82
1790747427.085,0,1,-0.1118,-0.0500,-0.1118,0.18737,67.45,-3.00,0.00,0.00,0.00,0.00,-85.82
1790747427.185,0,1,0.0000,-0.0500,0.0000,0.15286,55.03,-3.00,0.00,0.00,0.00,0.00,-85.82
1790747427.286,0,1,0.0000,-0.0500,0.0000,0.11842,42.63,-3.00,0.00,0.00,0.00,0.00,-85.82
1790747427.386,0,1,0.0000,-0.0500,0.0000,0.08181,29.45,-3.00,0.00,0.00,0.00,0.00,-85.82
1790747427.487,0,1,0.0000,-0.0500,0.0000,0.05342,19.23,-3.00,0.00,0.00,0.00,0.00,-85.82
1790747427.588,0,1,0.0000,-0.0500,0.0000,0.02088,7.52,-3.00,0.00,0.00,0.00,0.00,-85.82
1790747427.688,0,1,0.0000,-0.0500,0.0000,0.98645,-4.88,-3.00,0.00,0.00,0.00,0.00,-85.82
1790747427.789,0,1,0.0000,-0.0500,0.0000,0.95182,-17.35,-3.00,0.00,0.00,0.00,0.00,-85.82
1790747427.890,0,1,0.0000,-0.0500,0.0000,0.91966,-28.92,-3.00,0.00,0.00,0.00,0.00,-85.82
1790747427.990,0,1,0.0293,-0.0500,-0.0366,0.88616,-40.98,-3.00,0.00,0.00,0.00,0.00,-85.82
1790747428.090,0,1,0.0625,-0.0500,-0.0781,0.85158,-53.43,-3.00,0.00,0.00,0.00,0.00,-85.82
1790747428.191,0,1,0.0916,-0.0500,-0.1145,0.82125,-64.35,-3.00,0.00,0.00,0.00,0.00,-85.82
1790747428.291,0,1,0.1256,-0.0500,-0.1570,0.78583,-77.10,-3.00,0.00,0.00,0.00,0.00,-85.82
1790747428.392,0,1,0.1583,-0.0500,-0.1979,0.75172,-89.38,-3.00,0.00,0.00,0.00,0.00,-85.82
1790747428.492,0,1,0.1879,-0.0500,-0.2348,0.72096,-100.45,-3.00,0.00,0.00,0.00,0.00,-85.82
1790747428.593,0,1,0.2206,-0.0500,-0.2758,0.68683,-112.74,-3.00,0.00,0.00,0.00,0.00,-85.82
1790747428.693,0,1,0.2542,-0.0500,-0.3178,0.65186,-125.33,-3.00,0.00,0.00,0.00,0.00,-85.82
1790747428.794,0,1,0.2851,-0.0500,-0.3564,0.61964,-136.93,-3.00,0.00,0.00,0.00,0.00,-85.82
1790747428.895,0,1,0.2924,-0.0500,-0.3655,0.61207,-139.65,-3.00,0.00,0.00,0.00,0.00,-85.82
1790747428.995,0,1,0.2924,-0.0500,-0.3655,0.61207,-139.65,-3.00,0.00,0.00,0.00,0.00,-85.82
1790747429.096,0,1,0.2924,-0.0500,-0.3655,0.61207,-139.65,-3.00,0.00,0.00,0.00,0.00,-85.82
1790747429.196,0,1,0.2924,-0.0500,-0.3655,0.61207,-139.65,-3.00,0.00,0.00,0.00,0.00,-85.82
1790747429.297,0,1,0.2924,-0.0500,-0.3655,0.61207,-139.65,-3.00,0.00,0.00,0.00,0.00,-85.82
1790747429.398,0,1,0.2924,-0.0500,-0.3655,0.61207,-139.65,-3.00,0.00,0.00,0.00,0.00,-85.82
1790747429.498,0,1,0.2841,-0.0500,-0.3551,0.62076,-136.53,-3.00,0.00,0.00,0.00,0.00,-85.82
1790747429.598,0,1,0.2532,-0.0500,-0.3165,0.65293,-124.95,-3.00,0.00,0.00,0.00,0.00,-85.82
1790747429.699,0,1,0.2202,-0.0500,-0.2753,0.68727,-112.58,-3.00,0.00,0.00,0.00,0.00,-85.82
1790747429.799,0,1,0.1937,-0.0500,-0.2422,0.71486,-102.65,-3.00,0.00,0.00,0.00,0.00,-85.82
1790747429.900,0,1,0.1616,-0.0500,-0.2020,0.74835,-90.60,-3.00,0.00,0.00,0.00,0.00,-85.82
1790747430.000,0,1,0.1307,-0.0500,-0.1634,0.78052,-79.01,1.00,0.00,0.00,0.00,0.00,-85.82
1790747430.102,0,1,0.1155,-0.0500,-0.1443,0.79639,-73.30,11.60,0.00,0.00,0.00,0.00,-85.82
1790747430.202,0,1,0.0983,-0.0500,-0.1229,0.81427,-66.86,23.49,0.00,0.00,0.00,0.00,-85.82
1790747430.302,0,1,0.0806,-0.0500,-0.1008,0.83270,-60.23,36.10,0.00,0.00,0.00,0.00,-85.82
1790747430.403,0,1,0.0642,-0.0500,-0.0803,0.84979,-54.08,37.46,0.00,0.00,0.00,0.00,-85.82
1790747430.504,0,1,0.0454,-0.0500,-0.0568,0.86933,-47.04,37.46,0.00,0.00,0.00,0.00,-85.82
1790747430.604,0,1,0.0272,-0.0500,-0.0341,0.88828,-40.22,37.46,0.00,0.00,0.00,0.00,-85.82
1790747430.705,0,1,0.0000,-0.0500,0.0000,0.92118,-28.37,37.46,0.00,0.00,0.00,0.00,-85.82
1790747430.805,0,1,0.0000,-0.0500,0.0000,0.95865,-14.88,37.46,0.00,0.00,0.00,0.00,-85.82
1790747430.905,0,1,0.0000,-0.0500,0.0000,0.98602,-5.03,37.46,0.00,0.00,0.00,0.00,-85.82
1790747431.006,0,1,0.0000,-0.0500,0.0000,0.01363,4.91,37.46,0.00,0.00,0.00,0.00,-85.82
1790747431.107,0,1,0.0000,-0.0500,0.0000,0.01390,5.00,37.46,0.00,0.00,0.00,0.00,-85.82
1790747431.207,0,1,0.0000,-0.0500,0.0000,0.01382,4.98,35.10,0.00,0.00,0.00,0.00,-85.82
1790747431.308,0,1,0.0000,-0.0500,0.0000,0.01042,3.75,23.45,0.00,0.00,0.00,0.00,-85.82
1790747431.408,0,1,0.0000,-0.0500,0.0000,0.00749,2.70,13.87,0.00,0.00,0.00,0.00,-85.82
1790747431.509,0,1,0.0000,-0.0500,0.0000,0.00554,1.99,1.55,0.00,0.00,0.00,0.00,-85.82
1790747431.609,0,1,0.0000,-0.0500,0.0000,0.00359,1.29,-12.10,0.00,0.00,0.00,0.00,-85.82
1790747431.710,0,1,0.0000,-0.0500,0.0000,0.00209,0.75,-22.60,0.00,0.00,0.00,0.00,-85.82
1790747431.810,0,1,0.0000,-0.0500,0.0000,0.00046,0.17,-27.46,0.00,0.00,0.00,0.00,-85.82
1790747431.910,0,1,0.0000,-0.0500,0.0000,0.99863,-0.49,-27.46,0.00,0.00,0.00,0.00,-85.82
1790747432.010,0,1,0.0000,-0.0500,0.0000,0.99715,-1.03,-27.46,0.00,0.00,0.00,0.00,-85.82
1790747432.111,0,1,0.0000,-0.0500,0.0000,0.99715,-1.03,-27.46,0.00,0.00,0.00,0.00,-85.82
1790747432.211,0,1,0.0000,-0.0500,0.0000,0.99715,-1.03,-23.25,0.00,0.00,0.00,0.00,-85.82
1790747432.312,0,1,0.0000,-0.0500,0.0000,0.99715,-1.03,-11.68,0.00,0.00,0.00,0.00,-85.82
1790747432.412,0,1,0.0000,-0.0500,0.0000,0.99715,-1.03,0.96,0.00,0.00,0.00,0.00,-85.82
1790747432.512,0,1,0.0000,-0.0500,0.0000,0.99715,-1.03,12.36,0.00,0.00,0.00,0.00,-85.82
1790747432.613,0,1,0.0000,-0.0500,0.0000,0.99715,-1.03,24.87,0.00,0.00,0.00,0.00,-85.82
1790747432.713,0,1,0.0000,-0.0500,0.0000,0.99715,-1.03,37.46,0.00,0.00,0.00,0.00,-85.82
1790747432.814,0,1,0.0000,-0.0500,0.0000,0.99715,-1.03,37.46,0.00,0.00,0.00,0.00,-85.82
1790747432.914,0,1,0.0000,-0.0500,0.0000,0.00674,2.43,37.46,0.00,0.00,0.00,0.00,-85.82
1790747433.015,0,1,0.0000,-0.0500,0.0000,0.04075,14.67,37.46,0.00,0.00,0.00,0.00,-85.82
1790747433.115,0,1,0.0000,-0.0500,0.0000,0.07455,26.84,37.46,0.00,0.00,0.00,0.00,-85.82
1790747433.216,0,1,0.0000,-0.0500,0.0000,0.10349,37.25,37.46,0.00,0.00,0.00,0.00,-85.82
1790747433.316,0,1,0.0000,-0.0500,0.0000,0.13719,49.39,37.46,0.00,0.00,0.00,0.00,-85.82
1790747433.417,0,1,-0.0092,-0.0500,-0.0092,0.16836,60.61,37.46,0.00,0.00,0.00,0.00,-85.82
1790747433.517,0,1,-0.2194,-0.0500,-0.2194,0.20730,74.63,37.46,0.00,0.00,0.00,0.00,-85.82
1790747433.617,0,1,-0.3731,-0.0709,-0.3209,0.23673,85.22,37.46,0.00,0.00,0.00,0.00,-85.82
1790747433.718,0,1,-0.5636,-0.1253,-0.3753,0.27452,98.83,35.90,0.00,0.00,0.00,0.00,-85.82
1790747433.818,0,1,-0.6724,-0.1500,-0.4000,0.30721,110.59,32.14,0.00,0.00,0.00,0.00,-85.82
1790747433.919,0,1,-0.7126,-0.1500,-0.4000,0.33513,120.65,25.51,0.00,0.00,0.00,0.00,-85.82
1790747434.019,0,1,-0.7432,-0.1500,-0.4000,0.35637,128.29,16.02,0.00,0.00,0.00,0.00,-85.82
1790747434.120,0,1,-0.7558,-0.1546,-0.4000,0.37395,134.62,5.82,0.00,0.00,0.00,0.00,-85.82
1790747434.220,0,1,-0.7616,-0.1592,-0.4000,0.38680,139.25,-3.25,0.00,0.00,0.00,0.00,-85.82
1790747434.320,0,1,-0.7648,-0.1618,-0.4000,0.39393,141.81,-15.04,0.00,0.00,0.00,0.00,-85.82
1790747434.421,0,1,-0.7644,-0.1615,-0.4000,0.39300,141.48,-27.72,0.00,0.00,0.00,0.00,-85.82
1790747434.521,0,1,-0.7584,-0.1567,-0.4000,0.37980,136.73,-38.55,0.00,0.00,0.00,0.00,-85.82
1790747434.622,0,1,-0.7402,-0.1500,-0.4000,0.35433,127.56,-42.80,0.00,0.00,0.00,0.00,-85.82
1790747434.722,0,1,-0.6958,-0.1500,-0.4000,0.32344,116.44,-35.24,0.00,0.00,0.00,0.00,-85.82
1790747434.823,0,1,-0.6133,-0.1395,-0.3895,0.28438,102.38,-27.46,0.00,0.00,0.00,0.00,-85.82
1790747434.923,0,1,-0.4437,-0.0910,-0.3410,0.25073,90.26,-27.46,0.00,0.00,0.00,0.00,-85.82
1790747435.024,0,1,-0.3017,-0.0505,-0.3005,0.22255,80.12,-27.46,0.00,0.00,0.00,0.00,-85.82
1790747435.125,0,1,-0.1231,-0.0500,-0.1231,0.18946,68.20,-27.46,0.00,0.00,0.00,0.00,-85.82
1790747435.225,0,1,0.0000,-0.0500,0.0000,0.15065,54.24,-27.46,0.00,0.00,0.00,0.00,-85.82
1790747435.325,0,1,0.0000,-0.0500,0.0000,0.12188,43.88,-27.46,0.00,0.00,0.00,0.00,-85.82
1790747435.426,0,1,0.0000,-0.0500,0.0000,0.08380,30.17,-27.46,0.00,0.00,0.00,0.00,-85.82
1790747435.526,0,1,0.0000,-0.0500,0.0000,0.05412,19.48,-27.46,0.00,0.00,0.00,0.00,-85.82
1790747435.627,0,1,0.0000,-0.0500,0.0000,0.02132,7.68,-27.46,0.00,0.00,0.00,0.00,-85.82
1790747435.727,0,1,0.0000,-0.0500,0.0000,0.98804,-4.31,-27.46,0.00,0.00,0.00,0.00,-85.82
1790747435.828,0,1,0.0000,-0.0500,0.0000,0.95466,-16.32,-27.46,0.00,0.00,0.00,0.00,-85.82
1790747435.929,0,1,0.0000,-0.0500,0.0000,0.92146,-28.27,-27.20,0.00,0.00,0.00,0.00,-85.82
1790747436.029,0,1,0.0218,-0.0500,-0.0273,0.89391,-38.19,-20.21,0.00,0.00,0.00,0.00,-85.82
1790747436.130,0,1,0.0475,-0.0500,-0.0594,0.86714,-47.83,-10.02,0.00,0.00,0.00,0.00,-85.82
1790747436.230,0,1,0.0623,-0.0500,-0.0779,0.85174,-53.37,1.80,0.00,0.00,0.00,0.00,-85.82
1790747436.331,0,1,0.0455,-0.0500,-0.0569,0.86924,-47.07,12.13,0.00,0.00,0.00,0.00,-85.82
1790747436.432,0,1,0.0163,-0.0500,-0.0204,0.89970,-36.11,15.00,0.00,0.00,0.00,0.00,-85.82
1790747436.532,0,1,0.0000,-0.0500,0.0000,0.93564,-23.17,15.21,0.00,0.00,0.00,0.00,-85.82
1790747436.632,0,1,0.0000,-0.0500,0.0000,0.96638,-12.10,11.95,0.00,0.00,0.00,0.00,-85.82
1790747436.733,0,1,0.0000,-0.0500,0.0000,0.97489,-9.04,0.91,0.00,0.00,0.00,0.00,-85.82
1790747436.834,0,1,0.0000,-0.0500,0.0000,0.97489,-9.04,-9.46,0.00,0.00,0.00,0.00,-85.82
1790747436.934,0,1,0.0000,-0.0500,0.0000,0.97899,-7.56,-9.41,0.00,0.00,0.00,0.00,-85.82
1790747437.035,0,1,0.0000,-0.0500,0.0000,0.00277,1.00,-6.80,0.00,0.00,0.00,0.00,-85.82
1790747437.136,0,1,0.0000,-0.0500,0.0000,0.00776,2.79,-5.97,0.00,0.00,0.00,0.00,-85.82
1790747437.236,0,1,0.0000,-0.0500,0.0000,0.00776,2.79,-5.97,0.00,0.00,0.00,0.00,-85.82
1790747437.337,0,1,0.0000,-0.0500,0.0000,0.00590,2.12,-5.45,0.00,0.00,0.00,0.00,-85.82
1790747437.437,0,1,0.0000,-0.0500,0.0000,0.00192,0.69,-4.86,0.00,0.00,0.00,0.00,-85.82
1790747437.538,0,1,0.0000,-0.0500,0.0000,0.00192,0.69,-4.86,0.00,0.00,0.00,0.00,-85.82
1790747437.638,0,1,0.0000,-0.0500,0.0000,0.00192,0.69,-4.86,0.00,0.00,0.00,0.00,-85.82
1790747437.739,0,1,0.0000,-0.0500,0.0000,0.00192,0.69,-4.86,0.00,0.00,0.00,0.00,-85.82
1790747437.839,0,1,0.0000,-0.0500,0.0000,0.00192,0.69,-4.86,0.00,0.00,0.00,0.00,-85.82
1790747437.940,0,1,0.0000,-0.0500,0.0000,0.00192,0.69,-4.86,0.00,0.00,0.00,0.00,-85.82
1790747438.040,0,1,0.0000,-0.0500,0.0000,0.00192,0.69,-4.86,0.00,0.00,0.00,0.00,-85.82
1790747438.141,0,1,0.0000,-0.0500,0.0000,0.00192,0.69,-4.86,0.00,0.00,0.00,0.00,-85.82
1790747438.242,0,1,0.0000,-0.0500,0.0000,0.00192,0.69,-4.86,0.00,0.00,0.00,0.00,-85.82
1790747438.342,0,1,0.0000,-0.0500,0.0000,0.00192,0.69,-4.86,0.00,0.00,0.00,0.00,-85.82
1790747438.443,0,1,0.0000,-0.0500,0.0000,0.00192,0.69,-4.86,0.00,0.00,0.00,0.00,-85.82
1790747438.543,0,1,0.0000,-0.0500,0.0000,0.00192,0.69,-4.86,0.00,0.00,0.00,0.00,-85.82
1790747438.644,0,1,0.0000,-0.0500,0.0000,0.00192,0.69,-4.86,0.00,0.00,0.00,0.00,-85.82
1790747438.744,0,1,0.0000,-0.0500,0.0000,0.00192,0.69,-4.86,0.00,0.00,0.00,0.00,-85.82
1790747438.845,0,1,0.0000,-0.0500,0.0000,0.00192,0.69,-4.86,0.00,0.00,0.00,0.00,-85.82
1790747438.945,0,1,0.0000,-0.0500,0.0000,0.00192,0.69,-4.86,0.00,0.00,0.00,0.00,-85.82
1790747439.046,0,1,0.0000,-0.0500,0.0000,0.00192,0.69,-4.86,0.00,0.00,0.00,0.00,-85.82
1790747439.146,0,1,0.0000,-0.0500,0.0000,0.00192,0.69,-4.86,0.00,0.00,0.00,0.00,-85.82
1790747439.247,0,1,0.0000,-0.0500,0.0000,0.00192,0.69,-4.86,0.00,0.00,0.00,0.00,-85.82
1790747439.347,0,1,0.0000,-0.0500,0.0000,0.00192,0.69,-4.86,0.00,0.00,0.00,0.00,-85.82
1790747439.448,0,1,0.0000,-0.0500,0.0000,0.00192,0.69,-4.86,0.00,0.00,0.00,0.00,-85.82
1790747439.548,0,1,0.0000,-0.0500,0.0000,0.00192,0.69,-4.86,0.00,0.00,0.00,0.00,-85.82
1790747439.649,0,1,0.0000,-0.0500,0.0000,0.00192,0.69,-4.86,0.00,0.00,0.00,0.00,-85.82
1790747439.749,0,1,0.0000,-0.0500,0.0000,0.00192,0.69,-4.86,0.00,0.00,0.00,0.00,-85.82
1790747439.850,0,1,0.0000,-0.0500,0.0000,0.00192,0.69,-4.86,0.00,0.00,0.00,0.00,-85.82
1790747439.950,0,1,0.0000,-0.0500,0.0000,0.00192,0.69,-4.86,0.00,0.00,0.00,0.00,-85.82
1790747440.051,0,1,0.0000,-0.0500,0.0000,0.00192,0.69,-4.86,0.00,0.00,0.00,0.00,-85.82
1790747440.151,0,1,0.0000,-0.0500,0.0000,0.00192,0.69,-4.86,0.00,0.00,0.00,0.00,-85.82
1790747440.252,0,1,0.0000,-0.0500,0.0000,0.00192,0.69,-4.86,0.00,0.00,0.00,0.00,-85.82
1790747440.352,0,1,0.0000,-0.0500,0.0000,0.00192,0.69,-4.86,0.00,0.00,0.00,0.00,-85.82
1790747440.453,0,1,0.0000,-0.0500,0.0000,0.00192,0.69,-4.86,0.00,0.00,0.00,0.00,-85.82
1790747440.553,0,1,0.0000,-0.0500,0.0000,0.00192,0.69,-4.86,0.00,0.00,0.00,0.00,-85.82
1790747440.654,0,1,0.0000,-0.0500,0.0000,0.00192,0.69,-4.86,0.00,0.00,0.00,0.00,-85.82
1790747440.755,0,1,0.0000,-0.0500,0.0000,0.00192,0.69,-4.86,0.00,0.00,0.00,0.00,-85.82
1790747440.855,0,1,0.0000,-0.0500,0.0000,0.00192,0.69,-4.86,0.00,0.00,0.00,0.00,-85.82
1790747440.956,0,1,0.0000,-0.0500,0.0000,0.00192,0.69,-4.86,0.00,0.00,0.00,0.00,-85.82
1790747441.056,0,1,0.0000,-0.0500,0.0000,0.00192,0.69,-4.86,0.00,0.00,0.00,0.00,-85.82
1790747441.157,0,1,0.0000,-0.0500,0.0000,0.00192,0.69,-4.86,0.00,0.00,0.00,0.00,-85.82
1790747441.257,0,1,0.0000,-0.0500,0.0000,0.00192,0.69,-4.86,0.00,0.00,0.00,0.00,-85.82
1790747441.358,0,1,0.0000,-0.0500,0.0000,0.00192,0.69,-4.86,0.00,0.00,0.00,0.00,-85.82
1790747441.458,0,1,0.0000,-0.0500,0.0000,0.00192,0.69,-4.86,0.00,0.00,0.00,0.00,-85.82
1790747441.559,0,1,0.0000,-0.0500,0.0000,0.00192,0.69,-4.86,0.00,0.00,0.00,0.00,-85.82
1790747441.659,0,1,0.0000,-0.0500,0.0000,0.00192,0.69,-4.86,0.00,0.00,0.00,0.00,-85.82
1790747441.760,0,1,0.0000,-0.0500,0.0000,0.00192,0.69,-4.86,0.00,0.00,0.00,0.00,-85.82
1790747441.860,0,1,0.0000,-0.0500,0.0000,0.00192,0.69,-4.86,0.00,0.00,0.00,0.00,-85.82
1790747441.961,0,1,0.0000,-0.0500,0.0000,0.00192,0.69,-4.86,0.00,0.00,0.00,0.00,-85.82
1790747442.061,0,1,0.0000,-0.0500,0.0000,0.00192,0.69,-4.86,0.00,0.00,0.00,0.00,-85.82
1790747442.162,0,1,0.0000,-0.0500,0.0000,0.00192,0.69,-4.86,0.00,0.00,0.00,0.00,-85.82
1790747442.262,0,1,0.0000,-0.0500,0.0000,0.00192,0.69,-4.86,0.00,0.00,0.00,0.00,-85.82
1790747442.363,0,1,0.0000,-0.0500,0.0000,0.00192,0.69,-4.86,0.00,0.00,0.00,0.00,-85.82
1790747442.463,0,1,0.0000,-0.0500,0.0000,0.00192,0.69,-4.86,0.00,0.00,0.00,0.00,-85.82
1790747442.563,0,1,0.0000,-0.0500,0.0000,0.00192,0.69,-4.86,0.00,0.00,0.00,0.00,-85.82
1790747442.664,0,1,0.0000,-0.0500,0.0000,0.00192,0.69,-4.86,0.00,0.00,0.00,0.00,-85.82
1790747442.764,0,1,0.0000,-0.0500,0.0000,0.00192,0.69,-4.86,0.00,0.00,0.00,0.00,-85.82
1790747442.865,0,1,0.0000,-0.0500,0.0000,0.00192,0.69,-4.86,0.00,0.00,0.00,0.00,-85.82
1790747442.965,0,1,0.0000,-0.0500,0.0000,0.00192,0.69,-4.86,0.00,0.00,0.00,0.00,-85.82
1790747443.066,0,1,0.0000,-0.0500,0.0000,0.00192,0.69,-4.86,0.00,0.00,0.00,0.00,-85.82
1790747443.166,0,1,0.0000,-0.0500,0.0000,0.00192,0.69,-4.86,0.00,0.00,0.00,0.00,-85.82
1790747443.267,0,1,0.0000,-0.0500,0.0000,0.00192,0.69,-4.86,0.00,0.00,0.00,0.00,-85.82
1790747443.367,0,1,0.0000,-0.0500,0.0000,0.00192,0.69,-4.86,0.00,0.00,0.00,0.00,-85.82
1790747443.468,0,1,0.0000,-0.0500,0.0000,0.00192,0.69,-4.86,0.00,0.00,0.00,0.00,-85.82
1790747443.568,0,1,0.0000,-0.0500,0.0000,0.00192,0.69,-4.86,0.00,0.00,0.00,0.00,-85.82
1790747443.669,0,1,0.0000,-0.0500,0.0000,0.00192,0.69,-4.86,0.00,0.00,0.00,0.00,-85.82
1790747443.769,0,1,0.0000,-0.0500,0.0000,0.00192,0.69,-4.86,0.00,0.00,0.00,0.00,-85.82
1790747443.869,0,1,0.0000,-0.0500,0.0000,0.00192,0.69,-4.86,0.00,0.00,0.00,0.00,-85.82
1790747443.970,0,1,0.0000,-0.0500,0.0000,0.00192,0.69,-4.86,0.00,0.00,0.00,0.00,-85.82
1790747444.071,0,1,0.0000,-0.0500,0.0000,0.00192,0.69,-4.86,0.00,0.00,0.00,0.00,-85.82
1790747444.171,0,1,0.0000,-0.0500,0.0000,0.00192,0.69,-4.86,0.00,0.00,0.00,0.00,-85.82
1790747444.271,0,1,0.0000,-0.0500,0.0000,0.00192,0.69,-4.86,0.00,0.00,0.00,0.00,-85.82
1790747444.372,0,1,0.0000,-0.0500,0.0000,0.00192,0.69,-4.86,0.00,0.00,0.00,0.00,-85.82
1790747444.472,0,1,0.0000,-0.0500,0.0000,0.00192,0.69,-4.86,0.00,0.00,0.00,0.00,-85.82
1790747444.573,0,1,0.0000,-0.0500,0.0000,0.00192,0.69,-4.86,0.00,0.00,0.00,0.00,-85.82
1790747444.673,0,1,0.0000,-0.0500,0.0000,0.00192,0.69,-4.86,0.00,0.00,0.00,0.00,-85.82
1790747444.773,0,1,0.0000,-0.0500,0.0000,0.00192,0.69,-4.86,0.00,0.00,0.00,0.00,-85.82
1790747444.874,0,1,0.0000,-0.0500,0.0000,0.00192,0.69,-4.86,0.00,0.00,0.00,0.00,-85.82
1790747444.974,0,1,0.0000,-0.0500,0.0000,0.00192,0.69,-4.86,0.00,0.00,0.00,0.00,-85.82
1790747445.075,0,1,0.0000,-0.0500,0.0000,0.00192,0.69,-4.86,0.00,0.00,0.00,0.00,-85.82
1790747445.176,0,1,0.0000,-0.0500,0.0000,0.00192,0.69,-4.86,0.00,0.00,0.00,0.00,-85.82
1790747445.276,0,1,0.0000,-0.0500,0.0000,0.00192,0.69,-4.86,0.00,0.00,0.00,0.00,-85.82
1790747445.377,0,1,0.0000,-0.0500,0.0000,0.00192,0.69,-4.86,0.00,0.00,0.00,0.00,-85.82
1790747445.477,0,1,0.0000,-0.0500,0.0000,0.00192,0.69,-4.86,0.00,0.00,0.00,0.00,-85.82
1790747445.578,0,1,0.0000,-0.0500,0.0000,0.00192,0.69,-4.86,0.00,0.00,0.00,0.00,-85.82
1790747445.678,0,1,0.0000,-0.0500,0.0000,0.00192,0.69,-4.86,0.00,0.00,0.00,0.00,-85.82
1790747445.778,0,1,0.0000,-0.0500,0.0000,0.00192,0.69,-4.86,0.00,0.00,0.00,0.00,-85.82
1790747445.879,0,1,0.0000,-0.0500,0.0000,0.00192,0.69,-4.86,0.00,0.00,0.00,0.00,-85.82
1790747445.979,0,1,0.0000,-0.0500,0.0000,0.00192,0.69,-4.86,0.00,0.00,0.00,0.00,-85.82
1790747446.080,0,1,0.0000,-0.0500,0.0000,0.00192,0.69,-4.86,0.00,0.00,0.00,0.00,-85.82
1790747446.181,0,1,0.0000,-0.0500,0.0000,0.00192,0.69,-4.86,0.00,0.00,0.00,0.00,-85.82
1790747446.281,0,1,0.0000,-0.0500,0.0000,0.00192,0.69,-4.86,0.00,0.00,0.00,0.00,-85.82
1790747446.381,0,1,0.0000,-0.0500,0.0000,0.00192,0.69,-4.86,0.00,0.00,0.00,0.00,-85.82
1790747446.482,0,1,0.0000,-0.0500,0.0000,0.00192,0.69,-4.86,0.00,0.00,0.00,0.00,-85.82
1790747446.582,0,1,0.0000,-0.0500,0.0000,0.00192,0.69,-4.86,0.00,0.00,0.00,0.00,-85.82
1790747446.683,0,1,0.0000,-0.0500,0.0000,0.00192,0.69,-4.86,0.00,0.00,0.00,0.00,-85.82
1790747446.783,0,1,0.0000,-0.0500,0.0000,0.00192,0.69,-4.86,0.00,0.00,0.00,0.00,-85.82
1790747446.884,0,1,0.0000,-0.0500,0.0000,0.00000,0.00,-3.00,0.00,0.00,0.00,0.00,-85.82
1790747446.985,0,1,0.0000,-0.0500,0.0000,0.00000,0.00,-3.00,0.00,0.00,0.00,0.00,-85.82
1790747447.085,0,1,0.0000,-0.0500,0.0000,0.00000,0.00,-3.00,0.00,0.00,0.00,0.00,-85.82
1790747447.186,0,1,0.0000,-0.0500,0.0000,0.00000,0.00,-3.00,0.00,0.00,0.00,0.00,-85.82
1790747447.286,0,1,0.0000,-0.0500,0.0000,0.00000,0.00,-3.00,0.00,0.00,0.00,0.00,-85.82
1790747447.386,0,1,0.0000,-0.0500,0.0000,0.00000,0.00,-3.00,0.00,0.00,0.00,0.00,-85.82
1790747447.487,0,1,0.0000,-0.0500,0.0000,0.00000,0.00,-3.00,0.00,0.00,0.00,0.00,-85.82
1790747447.587,0,1,0.0000,-0.0500,0.0000,0.00000,0.00,-3.00,0.00,0.00,0.00,0.00,-85.82
1790747447.688,0,1,0.0000,-0.0500,0.0000,0.00000,0.00,-3.00,0.00,0.00,0.00,0.00,-85.82
1790747447.788,0,1,0.0000,-0.0500,0.0000,0.01582,5.69,-3.38,0.00,0.00,0.00,0.00,-85.82
1790747447.889,0,1,0.0000,-0.0500,0.0000,0.04772,17.18,-6.37,0.00,0.00,0.00,0.00,-85.82
1790747447.989,0,1,0.0000,-0.0500,0.0000,0.08163,29.39,-8.96,0.00,0.00,0.00,0.00,-85.82
1790747448.090,0,1,0.0000,-0.0500,0.0000,0.11302,40.69,-10.51,0.00,0.00,0.00,0.00,-85.82
1790747448.191,0,1,0.0000,-0.0500,0.0000,0.14714,52.97,-11.60,0.00,0.00,0.00,0.00,-85.82
1790747448.291,0,1,-0.0821,-0.0500,-0.0821,0.18187,65.47,-12.33,0.00,0.00,0.00,0.00,-85.82
1790747448.392,0,1,-0.2582,-0.0500,-0.2582,0.21449,77.21,-12.94,0.00,0.00,0.00,0.00,-85.82
1790747448.493,0,1,-0.4285,-0.0867,-0.3367,0.24772,89.18,-13.55,0.00,0.00,0.00,0.00,-85.82
1790747448.593,0,1,-0.5968,-0.1348,-0.3848,0.28112,101.20,-14.17,0.00,0.00,0.00,0.00,-85.82
1790747448.693,0,1,-0.6819,-0.1500,-0.4000,0.31381,112.97,-14.77,0.00,0.00,0.00,0.00,-85.82
1790747448.794,0,1,-0.7367,-0.1500,-0.4000,0.35187,126.67,-15.31,0.00,0.00,0.00,0.00,-85.82
1790747448.894,0,1,-0.7591,-0.1573,-0.4000,0.38126,137.25,-15.36,0.00,0.00,0.00,0.00,-85.82
1790747448.995,0,1,-0.7758,-0.1706,-0.4000,0.41837,150.61,-15.42,0.00,0.00,0.00,0.00,-85.82
1790747449.095,0,1,-0.7906,-0.1825,-0.4000,0.45140,162.51,-15.48,0.00,0.00,0.00,0.00,-85.82
1790747449.195,0,1,-0.7996,-0.1897,-0.4000,0.47126,169.65,-15.75,0.00,0.00,0.00,0.00,-85.82
1790747449.296,0,1,-0.7996,-0.1897,-0.4000,0.47126,169.65,-17.77,0.00,0.00,0.00,0.00,-85.82
1790747449.396,0,1,-0.7996,-0.1897,-0.4000,0.47126,169.65,-21.41,0.00,0.00,0.00,0.00,-85.82
1790747449.497,0,1,-0.7996,-0.1897,-0.4000,0.47126,169.65,-28.09,0.00,0.00,0.00,0.00,-85.82
1790747449.597,0,1,-0.7996,-0.1897,-0.4000,0.47126,169.65,-36.89,0.00,0.00,0.00,0.00,-85.82
1790747449.697,0,1,-0.7996,-0.1897,-0.4000,0.47126,169.65,-44.46,0.00,0.00,0.00,0.00,-85.82
1790747449.798,0,1,-0.7996,-0.1897,-0.4000,0.47126,169.65,-44.46,0.00,0.00,0.00,0.00,-85.82
1790747449.899,0,1,-0.7996,-0.1897,-0.4000,0.47126,169.65,-44.46,0.00,0.00,0.00,0.00,-85.82
1790747449.999,0,1,-0.7996,-0.1897,-0.4000,0.47126,169.65,-44.46,0.00,0.00,0.00,0.00,-85.82
1790747450.100,0,1,-0.7994,-0.1895,-0.4000,0.47090,169.53,-44.46,0.00,0.00,0.00,0.00,-85.82
1790747450.200,0,1,-0.7907,-0.1826,-0.4000,0.45154,162.55,-44.46,0.00,0.00,0.00,0.00,-85.82
1790747450.301,0,1,-0.7787,-0.1729,-0.4000,0.42480,152.93,-44.46,0.00,0.00,0.00,0.00,-85.82
1790747450.401,0,1,-0.7658,-0.1627,-0.4000,0.39632,142.68,-44.46,0.00,0.00,0.00,0.00,-85.82
1790747450.501,0,1,-0.7514,-0.1511,-0.4000,0.36423,131.12,-44.46,0.00,0.00,0.00,0.00,-85.82
1790747450.602,0,1,-0.7080,-0.1500,-0.4000,0.33197,119.51,-37.33,0.00,0.00,0.00,0.00,-85.82
1790747450.702,0,1,-0.6636,-0.1500,-0.4000,0.30114,108.41,-29.78,0.00,0.00,0.00,0.00,-85.82
1790747450.803,0,1,-0.5388,-0.1182,-0.3682,0.26960,97.05,-27.46,0.00,0.00,0.00,0.00,-85.82
1790747450.903,0,1,-0.3769,-0.0720,-0.3220,0.23749,85.50,-27.46,0.00,0.00,0.00,0.00,-85.82
1790747451.004,0,1,-0.2085,-0.0500,-0.2085,0.20528,73.90,-27.46,0.00,0.00,0.00,0.00,-85.82
1790747451.104,0,1,-0.0346,-0.0500,-0.0346,0.17306,62.30,-27.46,0.00,0.00,0.00,0.00,-85.82
1790747451.204,0,1,0.0000,-0.0500,0.0000,0.14042,50.55,-27.46,0.00,0.00,0.00,0.00,-85.82
1790747451.305,0,1,0.0000,-0.0500,0.0000,0.10805,38.90,-27.46,0.00,0.00,0.00,0.00,-85.82
1790747451.405,0,1,0.0000,-0.0500,0.0000,0.08057,29.00,-27.46,0.00,0.00,0.00,0.00,-85.82
1790747451.506,0,1,0.0000,-0.0500,0.0000,0.04406,15.86,-27.46,0.00,0.00,0.00,0.00,-85.82
1790747451.607,0,1,0.0000,-0.0500,0.0000,0.01470,5.29,-27.46,0.00,0.00,0.00,0.00,-85.82
1790747451.707,0,1,0.0000,-0.0500,0.0000,0.98520,-5.33,-27.46,0.00,0.00,0.00,0.00,-85.82
1790747451.808,0,1,0.0000,-0.0500,0.0000,0.95478,-16.28,-27.46,0.00,0.00,0.00,0.00,-85.82
1790747451.909,0,1,0.0000,-0.0500,0.0000,0.92664,-26.41,-27.46,0.00,0.00,0.00,0.00,-85.82
1790747452.009,0,1,0.0196,-0.0500,-0.0246,0.89621,-37.37,-27.46,0.00,0.00,0.00,0.00,-85.82
1790747452.110,0,1,0.0472,-0.0500,-0.0591,0.86745,-47.72,-27.46,0.00,0.00,0.00,0.00,-85.82
1790747452.210,0,1,0.0758,-0.0500,-0.0947,0.83775,-58.41,-27.46,0.00,0.00,0.00,0.00,-85.82
1790747452.311,0,1,0.1042,-0.0500,-0.1302,0.80813,-69.07,-27.46,0.00,0.00,0.00,0.00,-85.82
1790747452.411,0,1,0.1325,-0.0500,-0.1656,0.77864,-79.69,-27.46,0.00,0.00,0.00,0.00,-85.82
1790747452.512,0,1,0.1615,-0.0500,-0.2019,0.74840,-90.57,-27.46,0.00,0.00,0.00,0.00,-85.82
1790747452.612,0,1,0.1897,-0.0500,-0.2371,0.71904,-101.14,-27.46,0.00,0.00,0.00,0.00,-85.82
1790747452.712,0,1,0.2179,-0.0500,-0.2723,0.68971,-111.70,-27.46,0.00,0.00,0.00,0.00,-85.82
1790747452.813,0,1,0.2477,-0.0500,-0.3096,0.65864,-122.89,-27.46,0.00,0.00,0.00,0.00,-85.82
1790747452.913,0,1,0.2754,-0.0500,-0.3442,0.62983,-133.26,-27.46,0.00,0.00,0.00,0.00,-85.82
1790747453.014,0,1,0.2924,-0.0500,-0.3655,0.61207,-139.65,-27.46,0.00,0.00,0.00,0.00,-85.82
1790747453.114,0,1,0.2924,-0.0500,-0.3655,0.61207,-139.65,-27.46,0.00,0.00,0.00,0.00,-85.82
1790747453.215,0,1,0.2924,-0.0500,-0.3655,0.61207,-139.65,-27.46,0.00,0.00,0.00,0.00,-85.82
1790747453.315,0,1,0.2924,-0.0500,-0.3655,0.61207,-139.65,-27.46,0.00,0.00,0.00,0.00,-85.82
1790747453.415,0,1,0.2924,-0.0500,-0.3655,0.61207,-139.65,-27.46,0.00,0.00,0.00,0.00,-85.82
1790747453.516,0,1,0.2924,-0.0500,-0.3655,0.61207,-139.65,-27.46,0.00,0.00,0.00,0.00,-85.82
1790747453.616,0,1,0.2876,-0.0500,-0.3595,0.61711,-137.84,-22.67,0.00,0.00,0.00,0.00,-85.82
1790747453.717,0,1,0.2605,-0.0500,-0.3256,0.64535,-127.67,-14.79,0.00,0.00,0.00,0.00,-85.82
1790747453.817,0,1,0.2278,-0.0500,-0.2847,0.67938,-115.42,-10.84,0.00,0.00,0.00,0.00,-85.82
1790747453.918,0,1,0.1957,-0.0500,-0.2446,0.71279,-103.39,-9.96,0.00,0.00,0.00,0.00,-85.82
1790747454.018,0,1,0.1661,-0.0500,-0.2076,0.74370,-92.27,-9.49,0.00,0.00,0.00,0.00,-85.82
1790747454.119,0,1,0.1317,-0.0500,-0.1646,0.77951,-79.38,-9.49,0.00,0.00,0.00,0.00,-85.82
1790747454.219,0,1,0.1019,-0.0500,-0.1274,0.81048,-68.23,-9.49,0.00,0.00,0.00,0.00,-85.82
1790747454.319,0,1,0.0679,-0.0500,-0.0849,0.84593,-55.47,-9.49,0.00,0.00,0.00,0.00,-85.82
1790747454.420,0,1,0.0378,-0.0500,-0.0473,0.87725,-44.19,-9.49,0.00,0.00,0.00,0.00,-85.82
1790747454.521,0,1,0.0057,-0.0500,-0.0071,0.91071,-32.14,-9.49,0.00,0.00,0.00,0.00,-85.82
1790747454.621,0,1,0.0000,-0.0500,0.0000,0.94343,-20.36,-9.49,0.00,0.00,0.00,0.00,-85.82
1790747454.721,0,1,0.0000,-0.0500,0.0000,0.97939,-7.42,-9.49,0.00,0.00,0.00,0.00,-85.82
1790747454.822,0,1,0.0000,-0.0500,0.0000,0.98500,-5.40,-9.48,0.00,0.00,0.00,0.00,-85.82
1790747454.922,0,1,0.0000,-0.0500,0.0000,0.98500,-5.40,-9.48,0.00,0.00,0.00,0.00,-85.82
1790747455.022,0,1,0.0000,-0.0500,0.0000,0.98500,-5.40,-9.48,0.00,0.00,0.00,0.00,-85.82
1790747455.123,0,1,0.0000,-0.0500,0.0000,0.98500,-5.40,-9.48,0.00,0.00,0.00,0.00,-85.82
1790747455.223,0,1,0.0000,-0.0500,0.0000,0.98500,-5.40,-9.48,0.00,0.00,0.00,0.00,-85.82
1790747455.324,0,1,0.0000,-0.0500,0.0000,0.98500,-5.40,-9.48,0.00,0.00,0.00,0.00,-85.82
1790747455.424,0,1,0.0000,-0.0500,0.0000,0.98500,-5.40,-9.48,0.00,0.00,0.00,0.00,-85.82
1790747455.525,0,1,0.0000,-0.0500,0.0000,0.98500,-5.40,-9.48,0.00,0.00,0.00,0.00,-85.82
1790747455.625,0,1,0.0000,-0.0500,0.0000,0.98500,-5.40,-9.48,0.00,0.00,0.00,0.00,-85.82
1790747455.725,0,1,0.0000,-0.0500,0.0000,0.98500,-5.40,-9.48,0.00,0.00,0.00,0.00,-85.82
1790747455.826,0,1,0.0000,-0.0500,0.0000,0.98500,-5.40,-9.48,0.00,0.00,0.00,0.00,-85.82
1790747455.927,0,1,0.0000,-0.0500,0.0000,0.98500,-5.40,-9.48,0.00,0.00,0.00,0.00,-85.82
1790747456.027,0,1,0.0000,-0.0500,0.0000,0.98500,-5.40,-9.48,0.00,0.00,0.00,0.00,-85.82
1790747456.127,0,1,0.0000,-0.0500,0.0000,0.98500,-5.40,-9.48,0.00,0.00,0.00,0.00,-85.82
1790747456.228,0,1,0.0000,-0.0500,0.0000,0.98500,-5.40,-9.48,0.00,0.00,0.00,0.00,-85.82
1790747456.329,0,1,0.0000,-0.0500,0.0000,0.98500,-5.40,-9.48,0.00,0.00,0.00,0.00,-85.82
1790747456.429,0,1,0.0000,-0.0500,0.0000,0.98500,-5.40,-9.48,0.00,0.00,0.00,0.00,-85.82
1790747456.529,0,1,0.0000,-0.0500,0.0000,0.98500,-5.40,-9.48,0.00,0.00,0.00,0.00,-85.82
1790747456.630,0,1,0.0000,-0.0500,0.0000,0.98500,-5.40,-9.48,0.00,0.00,0.00,0.00,-85.82
1790747456.730,0,1,0.0000,-0.0500,0.0000,0.98500,-5.40,-9.48,0.00,0.00,0.00,0.00,-85.82
1790747456.830,0,1,0.0000,-0.0500,0.0000,0.98500,-5.40,-9.48,0.00,0.00,0.00,0.00,-85.82
1790747456.931,0,1,0.0000,-0.0500,0.0000,0.98500,-5.40,-9.48,0.00,0.00,0.00,0.00,-85.82
1790747457.031,0,1,0.0000,-0.0500,0.0000,0.98500,-5.40,-9.48,0.00,0.00,0.00,0.00,-85.82
1790747457.132,0,1,0.0000,-0.0500,0.0000,0.98500,-5.40,-9.48,0.00,0.00,0.00,0.00,-85.82
1790747457.232,0,1,0.0000,-0.0500,0.0000,0.98500,-5.40,-9.48,0.00,0.00,0.00,0.00,-85.82
1790747457.333,0,1,0.0000,-0.0500,0.0000,0.98500,-5.40,-9.48,0.00,0.00,0.00,0.00,-85.82
1790747457.433,0,1,0.0000,-0.0500,0.0000,0.98500,-5.40,-9.48,0.00,0.00,0.00,0.00,-85.82
1790747457.533,0,1,0.0000,-0.0500,0.0000,0.98500,-5.40,-9.48,0.00,0.00,0.00,0.00,-85.82
1790747457.634,0,1,0.0000,-0.0500,0.0000,0.98500,-5.40,-9.48,0.00,0.00,0.00,0.00,-85.82
1790747457.734,0,1,0.0000,-0.0500,0.0000,0.98500,-5.40,-9.48,0.00,0.00,0.00,0.00,-85.82
1790747457.835,0,1,0.0000,-0.0500,0.0000,0.98500,-5.40,-9.48,0.00,0.00,0.00,0.00,-85.82
1790747457.935,0,1,0.0000,-0.0500,0.0000,0.98500,-5.40,-9.48,0.00,0.00,0.00,0.00,-85.82
1790747458.036,0,1,0.0000,-0.0500,0.0000,0.98500,-5.40,-9.48,0.00,0.00,0.00,0.00,-85.82
1790747458.136,0,1,0.0000,-0.0500,0.0000,0.98500,-5.40,-9.48,0.00,0.00,0.00,0.00,-85.82
1790747458.236,0,1,0.0000,-0.0500,0.0000,0.98500,-5.40,-9.48,0.00,0.00,0.00,0.00,-85.82
1790747458.337,0,1,0.0000,-0.0500,0.0000,0.98500,-5.40,-9.48,0.00,0.00,0.00,0.00,-85.82
1790747458.437,0,1,0.0000,-0.0500,0.0000,0.98500,-5.40,-9.48,0.00,0.00,0.00,0.00,-85.82
1790747458.538,0,1,0.0000,-0.0500,0.0000,0.98500,-5.40,-9.48,0.00,0.00,0.00,0.00,-85.82
1790747458.638,0,1,0.0000,-0.0500,0.0000,0.98500,-5.40,-9.48,0.00,0.00,0.00,0.00,-85.82
1790747458.739,0,1,0.0000,-0.0500,0.0000,0.98500,-5.40,-9.48,0.00,0.00,0.00,0.00,-85.82
1790747458.839,0,1,0.0000,-0.0500,0.0000,0.98500,-5.40,-9.48,0.00,0.00,0.00,0.00,-85.82
1790747458.940,0,1,0.0000,-0.0500,0.0000,0.98500,-5.40,-9.48,0.00,0.00,0.00,0.00,-85.82
1790747459.040,0,1,0.0000,-0.0500,0.0000,0.98500,-5.40,-9.48,0.00,0.00,0.00,0.00,-85.82
1790747459.141,0,1,0.0000,-0.0500,0.0000,0.98500,-5.40,-9.48,0.00,0.00,0.00,0.00,-85.82
1790747459.242,0,1,0.0000,-0.0500,0.0000,0.98500,-5.40,-9.48,0.00,0.00,0.00,0.00,-85.82
1790747459.342,0,1,0.0000,-0.0500,0.0000,0.98500,-5.40,-9.48,0.00,0.00,0.00,0.00,-85.82
1790747459.443,0,1,0.0000,-0.0500,0.0000,0.98500,-5.40,-9.48,0.00,0.00,0.00,0.00,-85.82
1790747459.543,0,1,0.0000,-0.0500,0.0000,0.98500,-5.40,-9.48,0.00,0.00,0.00,0.00,-85.82
1790747459.644,0,1,0.0000,-0.0500,0.0000,0.98500,-5.40,-9.48,0.00,0.00,0.00,0.00,-85.82
1790747459.744,0,1,0.0000,-0.0500,0.0000,0.98500,-5.40,-9.48,0.00,0.00,0.00,0.00,-85.82
1790747459.845,0,1,0.0000,-0.0500,0.0000,0.98500,-5.40,-9.48,0.00,0.00,0.00,0.00,-85.82
1790747459.945,0,1,0.0000,-0.0500,0.0000,0.98500,-5.40,-9.48,0.00,0.00,0.00,0.00,-85.82
1790747460.046,0,1,0.0000,-0.0500,0.0000,0.98500,-5.40,-9.48,0.00,0.00,0.00,0.00,-85.82
1790747460.146,0,1,0.0000,-0.0500,0.0000,0.98500,-5.40,-9.48,0.00,0.00,0.00,0.00,-85.82
1790747460.247,0,1,0.0000,-0.0500,0.0000,0.98500,-5.40,-9.48,0.00,0.00,0.00,0.00,-85.82
1790747460.347,0,1,0.0000,-0.0500,0.0000,0.98500,-5.40,-9.48,0.00,0.00,0.00,0.00,-85.82
1790747460.447,0,1,0.0000,-0.0500,0.0000,0.98500,-5.40,-9.48,0.00,0.00,0.00,0.00,-85.82
1790747460.548,0,1,0.0000,-0.0500,0.0000,0.98500,-5.40,-9.48,0.00,0.00,0.00,0.00,-85.82
1790747460.648,0,1,0.0000,-0.0500,0.0000,0.98500,-5.40,-9.48,0.00,0.00,0.00,0.00,-85.82
1790747460.748,0,1,0.0000,-0.0500,0.0000,0.98500,-5.40,-9.48,0.00,0.00,0.00,0.00,-85.82
1790747460.849,0,1,0.0000,-0.0500,0.0000,0.98500,-5.40,-9.48,0.00,0.00,0.00,0.00,-85.82
1790747460.950,0,1,0.0000,-0.0500,0.0000,0.98500,-5.40,-9.48,0.00,0.00,0.00,0.00,-85.82
1790747461.050,0,1,0.0000,-0.0500,0.0000,0.98500,-5.40,-9.48,0.00,0.00,0.00,0.00,-85.82
1790747461.150,0,1,0.0000,-0.0500,0.0000,0.98500,-5.40,-9.48,0.00,0.00,0.00,0.00,-85.82
1790747461.251,0,1,0.0000,-0.0500,0.0000,0.98500,-5.40,-9.48,0.00,0.00,0.00,0.00,-85.82
1790747461.351,0,1,0.0000,-0.0500,0.0000,0.98500,-5.40,-9.48,0.00,0.00,0.00,0.00,-85.82
1790747461.451,0,1,0.0000,-0.0500,0.0000,0.98500,-5.40,-9.48,0.00,0.00,0.00,0.00,-85.82
1790747461.552,0,1,0.0000,-0.0500,0.0000,0.98500,-5.40,-9.48,0.00,0.00,0.00,0.00,-85.82
1790747461.652,0,1,0.0000,-0.0500,0.0000,0.98500,-5.40,-9.48,0.00,0.00,0.00,0.00,-85.82
1790747461.753,0,1,0.0000,-0.0500,0.0000,0.98500,-5.40,-9.48,0.00,0.00,0.00,0.00,-85.82
1790747461.854,0,1,0.0000,-0.0500,0.0000,0.98500,-5.40,-9.48,0.00,0.00,0.00,0.00,-85.82
1790747461.954,0,1,0.0000,-0.0500,0.0000,0.98500,-5.40,-9.48,0.00,0.00,0.00,0.00,-85.82
1790747462.055,0,1,0.0000,-0.0500,0.0000,0.98500,-5.40,-9.48,0.00,0.00,0.00,0.00,-85.82
t,paused,frame,hx,hy,hz,h_raw,yaw,pitch,roll,cabin_yaw,cabin_pitch,cabin_roll,truck_heading
1790747661.524,0,1,0.0000,-0.0500,0.0000,0.98500,-5.40,-9.48,0.00,0.00,0.00,0.00,-85.82
1790747661.625,0,1,0.0000,-0.0500,0.0000,0.98500,-5.40,-9.48,0.00,0.00,0.00,0.00,-85.82
1790747661.726,0,1,0.0000,-0.0500,0.0000,0.98500,-5.40,-9.48,0.00,0.00,0.00,0.00,-85.82
1790747661.826,0,1,0.0000,-0.0500,0.0000,0.98500,-5.40,-9.48,0.00,0.00,0.00,0.00,-85.82
1790747661.927,0,1,0.0000,-0.0500,0.0000,0.98500,-5.40,-9.48,0.00,0.00,0.00,0.00,-85.82
1790747662.027,0,1,0.0000,-0.0500,0.0000,0.98500,-5.40,-9.48,0.00,0.00,0.00,0.00,-85.82
1790747662.127,0,1,0.0000,-0.0500,0.0000,0.98500,-5.40,-9.48,0.00,0.00,0.00,0.00,-85.82
1790747662.228,0,1,0.0000,-0.0500,0.0000,0.98500,-5.40,-9.48,0.00,0.00,0.00,0.00,-85.82
1790747662.328,0,1,0.0000,-0.0500,0.0000,0.98500,-5.40,-9.48,0.00,0.00,0.00,0.00,-85.82
1790747662.428,0,1,0.0000,-0.0500,0.0000,0.98500,-5.40,-9.48,0.00,0.00,0.00,0.00,-85.82
1790747662.529,0,1,0.0000,-0.0500,0.0000,0.98500,-5.40,-9.48,0.00,0.00,0.00,0.00,-85.82
1790747662.630,0,1,0.0000,-0.0500,0.0000,0.98500,-5.40,-9.48,0.00,0.00,0.00,0.00,-85.82
1790747662.731,0,1,0.0000,-0.0500,0.0000,0.98500,-5.40,-9.48,0.00,0.00,0.00,0.00,-85.82
1790747662.831,0,1,0.0000,-0.0500,0.0000,0.98500,-5.40,-9.48,0.00,0.00,0.00,0.00,-85.82
1790747662.932,0,1,0.0000,-0.0500,0.0000,0.98500,-5.40,-9.48,0.00,0.00,0.00,0.00,-85.82
1790747663.032,0,1,0.0000,-0.0500,0.0000,0.98500,-5.40,-9.48,0.00,0.00,0.00,0.00,-85.82
1790747663.133,0,1,0.0000,-0.0500,0.0000,0.00178,0.64,-9.36,0.00,0.00,0.00,0.00,-85.82
1790747663.233,0,1,0.0000,-0.0500,0.0000,0.03447,12.41,-5.77,0.00,0.00,0.00,0.00,-85.82
1790747663.334,0,1,0.0000,-0.0500,0.0000,0.06677,24.04,-4.14,0.00,0.00,0.00,0.00,-85.82
1790747663.434,0,1,0.0000,-0.0500,0.0000,0.10029,36.10,-3.71,0.00,0.00,0.00,0.00,-85.82
1790747663.535,0,1,0.0000,-0.0500,0.0000,0.12068,43.45,-2.80,0.00,0.00,0.00,0.00,-85.82
1790747663.636,0,1,0.0000,-0.0500,0.0000,0.12124,43.65,-2.80,0.00,0.00,0.00,0.00,-85.82
1790747663.736,0,1,0.0000,-0.0500,0.0000,0.12991,46.77,-4.95,0.00,0.00,0.00,0.00,-85.82
1790747663.837,0,1,0.0000,-0.0500,0.0000,0.15891,57.21,-11.13,0.00,0.00,0.00,0.00,-85.82
1790747663.937,0,1,0.0000,-0.0500,0.0000,0.16603,59.77,-12.10,0.00,0.00,0.00,0.00,-85.82
1790747664.038,0,1,0.0000,-0.0500,0.0000,0.15335,55.21,-12.10,0.00,0.00,0.00,0.00,-85.82
1790747664.138,0,1,0.0000,-0.0500,0.0000,0.11780,42.41,-12.10,0.00,0.00,0.00,0.00,-85.82
1790747664.239,0,1,0.0000,-0.0500,0.0000,0.08582,30.90,-12.10,0.00,0.00,0.00,0.00,-85.82
1790747664.340,0,1,0.0000,-0.0500,0.0000,0.05911,21.28,-12.10,0.00,0.00,0.00,0.00,-85.82
1790747664.440,0,1,0.0000,-0.0500,0.0000,0.02448,8.81,-12.10,0.00,0.00,0.00,0.00,-85.82
1790747664.541,0,1,0.0000,-0.0500,0.0000,0.99220,-2.81,-12.10,0.00,0.00,0.00,0.00,-85.82
1790747664.641,0,1,0.0000,-0.0500,0.0000,0.95695,-15.50,-12.10,0.00,0.00,0.00,0.00,-85.82
1790747664.742,0,1,0.0000,-0.0500,0.0000,0.92559,-26.79,-12.10,0.00,0.00,0.00,0.00,-85.82
1790747664.843,0,1,0.0054,-0.0500,-0.0068,0.91102,-32.03,-10.28,0.00,0.00,0.00,0.00,-85.82
1790747664.943,0,1,0.0050,-0.0500,-0.0063,0.91141,-31.89,-8.91,0.00,0.00,0.00,0.00,-85.82
1790747665.044,0,1,0.0000,-0.0500,0.0000,0.93192,-24.51,-8.79,0.00,0.00,0.00,0.00,-85.82
1790747665.144,0,1,0.0000,-0.0500,0.0000,0.96831,-11.41,-9.77,0.00,0.00,0.00,0.00,-85.82
1790747665.245,0,1,0.0000,-0.0500,0.0000,0.98179,-6.56,-9.86,0.00,0.00,0.00,0.00,-85.82
1790747665.345,0,1,0.0000,-0.0500,0.0000,0.98269,-6.23,-9.86,0.00,0.00,0.00,0.00,-85.82
1790747665.446,0,1,0.0000,-0.0500,0.0000,0.98269,-6.23,-9.86,0.00,0.00,0.00,0.00,-85.82
1790747665.546,0,1,0.0000,-0.0500,0.0000,0.99078,-3.32,-9.67,0.00,0.00,0.00,0.00,-85.82
1790747665.647,0,1,0.0000,-0.0500,0.0000,0.98803,-4.31,-9.61,0.00,0.00,0.00,0.00,-85.82
1790747665.747,0,1,0.0000,-0.0500,0.0000,0.96794,-11.54,-9.03,0.00,0.00,0.00,0.00,-85.82
1790747665.848,0,1,0.0000,-0.0500,0.0000,0.96741,-11.73,-9.03,0.00,0.00,0.00,0.00,-85.82
1790747665.948,0,1,0.0000,-0.0500,0.0000,0.98384,-5.82,-9.03,0.00,0.00,0.00,0.00,-85.82
1790747666.049,0,1,0.0000,-0.0500,0.0000,0.98921,-3.88,-9.03,0.00,0.00,0.00,0.00,-85.82
1790747666.149,0,1,0.0000,-0.0500,0.0000,0.98921,-3.88,-9.03,0.00,0.00,0.00,0.00,-85.82
1790747666.250,0,1,0.0000,-0.0500,0.0000,0.98921,-3.88,-9.03,0.00,0.00,0.00,0.00,-85.82
1790747666.350,0,1,0.0000,-0.0500,0.0000,0.98921,-3.88,-9.03,0.00,0.00,0.00,0.00,-85.82
1790747666.451,0,1,0.0000,-0.0500,0.0000,0.98921,-3.88,-9.03,0.00,0.00,0.00,0.00,-85.82
1790747666.551,0,1,0.0000,-0.0500,0.0000,0.98921,-3.88,-9.03,0.00,0.00,0.00,0.00,-85.82
1790747666.652,0,1,0.0000,-0.0500,0.0000,0.98921,-3.88,-9.03,0.00,0.00,0.00,0.00,-85.82
1790747666.753,0,1,0.0000,-0.0500,0.0000,0.98921,-3.88,-9.03,0.00,0.00,0.00,0.00,-85.82
1790747666.853,0,1,0.0000,-0.0500,0.0000,0.98921,-3.88,-9.03,0.00,0.00,0.00,0.00,-85.82
1790747666.954,0,1,0.0000,-0.0500,0.0000,0.98921,-3.88,-9.03,0.00,0.00,0.00,0.00,-85.82
1790747667.054,0,1,0.0000,-0.0500,0.0000,0.98921,-3.88,-9.03,0.00,0.00,0.00,0.00,-85.82
1790747667.154,0,1,0.0000,-0.0500,0.0000,0.98921,-3.88,-9.03,0.00,0.00,0.00,0.00,-85.82
1790747667.255,0,1,0.0000,-0.0500,0.0000,0.98921,-3.88,-9.03,0.00,0.00,0.00,0.00,-85.82
1790747667.355,0,1,0.0000,-0.0500,0.0000,0.98921,-3.88,-9.03,0.00,0.00,0.00,0.00,-85.82
1790747667.456,0,1,0.0000,-0.0500,0.0000,0.98921,-3.88,-9.03,0.00,0.00,0.00,0.00,-85.82
1790747667.557,0,1,0.0000,-0.0500,0.0000,0.98921,-3.88,-9.03,0.00,0.00,0.00,0.00,-85.82
1790747667.658,0,1,0.0000,-0.0500,0.0000,0.98921,-3.88,-9.03,0.00,0.00,0.00,0.00,-85.82
1790747667.758,0,1,0.0000,-0.0500,0.0000,0.98921,-3.88,-9.03,0.00,0.00,0.00,0.00,-85.82
1790747667.859,0,1,0.0000,-0.0500,0.0000,0.98921,-3.88,-9.03,0.00,0.00,0.00,0.00,-85.82
1790747667.959,0,1,0.0000,-0.0500,0.0000,0.98921,-3.88,-9.03,0.00,0.00,0.00,0.00,-85.82
1790747668.060,0,1,0.0000,-0.0500,0.0000,0.98921,-3.88,-9.03,0.00,0.00,0.00,0.00,-85.82
1790747668.161,0,1,0.0000,-0.0500,0.0000,0.98921,-3.88,-9.03,0.00,0.00,0.00,0.00,-85.82
1790747668.261,0,1,0.0000,-0.0500,0.0000,0.98921,-3.88,-9.03,0.00,0.00,0.00,0.00,-85.82
1790747668.362,0,1,0.0000,-0.0500,0.0000,0.98921,-3.88,-9.03,0.00,0.00,0.00,0.00,-85.82
1790747668.462,0,1,0.0000,-0.0500,0.0000,0.98921,-3.88,-9.03,0.00,0.00,0.00,0.00,-85.82
1790747668.563,0,1,0.0000,-0.0500,0.0000,0.98921,-3.88,-9.03,0.00,0.00,0.00,0.00,-85.82
1790747668.663,0,1,0.0000,-0.0500,0.0000,0.98921,-3.88,-9.03,0.00,0.00,0.00,0.00,-85.82
1790747668.764,0,1,0.0000,-0.0500,0.0000,0.98921,-3.88,-9.03,0.00,0.00,0.00,0.00,-85.82
1790747668.864,0,1,0.0000,-0.0500,0.0000,0.98921,-3.88,-9.03,0.00,0.00,0.00,0.00,-85.82
1790747668.965,0,1,0.0000,-0.0500,0.0000,0.98921,-3.88,-9.03,0.00,0.00,0.00,0.00,-85.82
1790747669.065,0,1,0.0000,-0.0500,0.0000,0.98921,-3.88,-9.03,0.00,0.00,0.00,0.00,-85.82
1790747669.166,0,1,0.0000,-0.0500,0.0000,0.98921,-3.88,-9.03,0.00,0.00,0.00,0.00,-85.82
1790747669.267,0,1,0.0000,-0.0500,0.0000,0.98921,-3.88,-9.03,0.00,0.00,0.00,0.00,-85.82
1790747669.368,0,1,0.0000,-0.0500,0.0000,0.98921,-3.88,-9.03,0.00,0.00,0.00,0.00,-85.82
1790747669.468,0,1,0.0000,-0.0500,0.0000,0.98921,-3.88,-9.03,0.00,0.00,0.00,0.00,-85.82
1790747669.569,0,1,0.0000,-0.0500,0.0000,0.98921,-3.88,-9.03,0.00,0.00,0.00,0.00,-85.82
1790747669.669,0,1,0.0000,-0.0500,0.0000,0.98921,-3.88,-9.03,0.00,0.00,0.00,0.00,-85.82
1790747669.770,0,1,0.0000,-0.0500,0.0000,0.98921,-3.88,-9.03,0.00,0.00,0.00,0.00,-85.82
1790747669.870,0,1,0.0000,-0.0500,0.0000,0.98921,-3.88,-9.03,0.00,0.00,0.00,0.00,-85.82
1790747669.970,0,1,0.0000,-0.0500,0.0000,0.98921,-3.88,-9.03,0.00,0.00,0.00,0.00,-85.82
1790747670.071,0,1,0.0000,-0.0500,0.0000,0.98921,-3.88,-9.03,0.00,0.00,0.00,0.00,-85.82
1790747670.172,0,1,0.0000,-0.0500,0.0000,0.98921,-3.88,-9.03,0.00,0.00,0.00,0.00,-85.82
1790747670.272,0,1,0.0000,-0.0500,0.0000,0.98921,-3.88,-9.03,0.00,0.00,0.00,0.00,-85.82
1790747670.373,0,1,0.0000,-0.0500,0.0000,0.98921,-3.88,-9.03,0.00,0.00,0.00,0.00,-85.82
1790747670.473,0,1,0.0000,-0.0500,0.0000,0.98921,-3.88,-9.03,0.00,0.00,0.00,0.00,-85.82
1790747670.574,0,1,0.0000,-0.0500,0.0000,0.98921,-3.88,-9.03,0.00,0.00,0.00,0.00,-85.82
1790747670.674,0,1,0.0000,-0.0500,0.0000,0.98921,-3.88,-9.03,0.00,0.00,0.00,0.00,-85.82
1790747670.774,0,1,0.0000,-0.0500,0.0000,0.98921,-3.88,-9.03,0.00,0.00,0.00,0.00,-85.82
1790747670.875,0,1,0.0000,-0.0500,0.0000,0.98921,-3.88,-9.03,0.00,0.00,0.00,0.00,-85.82
1790747670.976,0,1,0.0000,-0.0500,0.0000,0.98921,-3.88,-9.03,0.00,0.00,0.00,0.00,-85.82
1790747671.076,0,1,0.0000,-0.0500,0.0000,0.98921,-3.88,-9.03,0.00,0.00,0.00,0.00,-85.82
1790747671.177,0,1,0.0000,-0.0500,0.0000,0.98921,-3.88,-9.03,0.00,0.00,0.00,0.00,-85.82
1790747671.278,0,1,0.0000,-0.0500,0.0000,0.98921,-3.88,-9.03,0.00,0.00,0.00,0.00,-85.82
1790747671.379,0,1,0.0000,-0.0500,0.0000,0.98921,-3.88,-9.03,0.00,0.00,0.00,0.00,-85.82
1790747671.479,0,1,0.0000,-0.0500,0.0000,0.98921,-3.88,-9.03,0.00,0.00,0.00,0.00,-85.82
1790747671.580,0,1,0.0000,-0.0500,0.0000,0.98921,-3.88,-9.03,0.00,0.00,0.00,0.00,-85.82
1790747671.680,0,1,0.0000,-0.0500,0.0000,0.98921,-3.88,-9.03,0.00,0.00,0.00,0.00,-85.82
1790747671.781,0,1,0.0000,-0.0500,0.0000,0.98921,-3.88,-9.03,0.00,0.00,0.00,0.00,-85.82
1790747671.881,0,1,0.0000,-0.0500,0.0000,0.98921,-3.88,-9.03,0.00,0.00,0.00,0.00,-85.82
1790747671.982,0,1,0.0000,-0.0500,0.0000,0.98921,-3.88,-9.03,0.00,0.00,0.00,0.00,-85.82
1790747672.082,0,1,0.0000,-0.0500,0.0000,0.98921,-3.88,-9.03,0.00,0.00,0.00,0.00,-85.82
1790747672.183,0,1,0.0000,-0.0500,0.0000,0.98921,-3.88,-9.03,0.00,0.00,0.00,0.00,-85.82
1790747672.283,0,1,0.0000,-0.0500,0.0000,0.98921,-3.88,-9.03,0.00,0.00,0.00,0.00,-85.82
1790747672.384,0,1,0.0000,-0.0500,0.0000,0.98921,-3.88,-9.03,0.00,0.00,0.00,0.00,-85.82
1790747672.484,0,1,0.0000,-0.0500,0.0000,0.98921,-3.88,-9.03,0.00,0.00,0.00,0.00,-85.82
1790747672.585,0,1,0.0000,-0.0500,0.0000,0.98921,-3.88,-9.03,0.00,0.00,0.00,0.00,-85.82
1790747672.685,0,1,0.0000,-0.0500,0.0000,0.98921,-3.88,-9.03,0.00,0.00,0.00,0.00,-85.82
1790747672.785,0,1,0.0000,-0.0500,0.0000,0.98921,-3.88,-9.03,0.00,0.00,0.00,0.00,-85.82
1790747672.886,0,1,0.0000,-0.0500,0.0000,0.98921,-3.88,-9.03,0.00,0.00,0.00,0.00,-85.82
1790747672.986,0,1,0.0000,-0.0500,0.0000,0.98921,-3.88,-9.03,0.00,0.00,0.00,0.00,-85.82
1790747673.087,1,1,0.0000,-0.0500,0.0000,0.98921,-3.88,-9.03,0.00,0.00,0.00,0.00,-85.82
1790747673.187,1,1,0.0000,-0.0500,0.0000,0.98921,-3.88,-9.03,0.00,0.00,0.00,0.00,-85.82
1790747673.287,1,1,0.0000,-0.0500,0.0000,0.98921,-3.88,-9.03,0.00,0.00,0.00,0.00,-85.82
1790747673.388,1,1,0.0000,-0.0500,0.0000,0.98921,-3.88,-9.03,0.00,0.00,0.00,0.00,-85.82
1790747673.489,1,1,0.0000,-0.0500,0.0000,0.98921,-3.88,-9.03,0.00,0.00,0.00,0.00,-85.82
1790747673.589,1,1,0.0000,-0.0500,0.0000,0.98921,-3.88,-9.03,0.00,0.00,0.00,0.00,-85.82
1790747673.690,1,1,0.0000,-0.0500,0.0000,0.98921,-3.88,-9.03,0.00,0.00,0.00,0.00,-85.82
1790747673.790,1,1,0.0000,-0.0500,0.0000,0.98921,-3.88,-9.03,0.00,0.00,0.00,0.00,-85.82
1790747673.891,1,1,0.0000,-0.0500,0.0000,0.98921,-3.88,-9.03,0.00,0.00,0.00,0.00,-85.82
1790747673.991,1,1,0.0000,-0.0500,0.0000,0.98921,-3.88,-9.03,0.00,0.00,0.00,0.00,-85.82
1790747674.092,1,1,0.0000,-0.0500,0.0000,0.98921,-3.88,-9.03,0.00,0.00,0.00,0.00,-85.82
1790747674.192,1,1,0.0000,-0.0500,0.0000,0.98921,-3.88,-9.03,0.00,0.00,0.00,0.00,-85.82
1790747674.293,1,1,0.0000,-0.0500,0.0000,0.98921,-3.88,-9.03,0.00,0.00,0.00,0.00,-85.82
1790747674.393,1,1,0.0000,-0.0500,0.0000,0.98921,-3.88,-9.03,0.00,0.00,0.00,0.00,-85.82
1790747674.494,1,1,0.0000,-0.0500,0.0000,0.98921,-3.88,-9.03,0.00,0.00,0.00,0.00,-85.82
1790747674.594,1,1,0.0000,-0.0500,0.0000,0.98921,-3.88,-9.03,0.00,0.00,0.00,0.00,-85.82
1790747674.695,1,1,0.0000,-0.0500,0.0000,0.98921,-3.88,-9.03,0.00,0.00,0.00,0.00,-85.82
1790747674.795,1,1,0.0000,-0.0500,0.0000,0.98921,-3.88,-9.03,0.00,0.00,0.00,0.00,-85.82
1790747674.895,1,1,0.0000,-0.0500,0.0000,0.98921,-3.88,-9.03,0.00,0.00,0.00,0.00,-85.82
1790747674.996,1,1,0.0000,-0.0500,0.0000,0.98921,-3.88,-9.03,0.00,0.00,0.00,0.00,-85.82
1790747675.096,1,1,0.0000,-0.0500,0.0000,0.98921,-3.88,-9.03,0.00,0.00,0.00,0.00,-85.82
1790747675.197,1,1,0.0000,-0.0500,0.0000,0.98921,-3.88,-9.03,0.00,0.00,0.00,0.00,-85.82
1790747675.298,1,1,0.0000,-0.0500,0.0000,0.98921,-3.88,-9.03,0.00,0.00,0.00,0.00,-85.82
1790747675.398,1,1,0.0000,-0.0500,0.0000,0.98921,-3.88,-9.03,0.00,0.00,0.00,0.00,-85.82
1790747675.498,1,1,0.0000,-0.0500,0.0000,0.98921,-3.88,-9.03,0.00,0.00,0.00,0.00,-85.82
1790747675.599,1,1,0.0000,-0.0500,0.0000,0.98921,-3.88,-9.03,0.00,0.00,0.00,0.00,-85.82
1790747675.699,1,1,0.0000,-0.0500,0.0000,0.98921,-3.88,-9.03,0.00,0.00,0.00,0.00,-85.82
1790747675.800,1,1,0.0000,-0.0500,0.0000,0.98921,-3.88,-9.03,0.00,0.00,0.00,0.00,-85.82
1790747675.900,1,1,0.0000,-0.0500,0.0000,0.98921,-3.88,-9.03,0.00,0.00,0.00,0.00,-85.82
1790747676.001,1,1,0.0000,-0.0500,0.0000,0.98921,-3.88,-9.03,0.00,0.00,0.00,0.00,-85.82
1790747676.101,1,1,0.0000,-0.0500,0.0000,0.98921,-3.88,-9.03,0.00,0.00,0.00,0.00,-85.82
1790747676.202,1,1,0.0000,-0.0500,0.0000,0.98921,-3.88,-9.03,0.00,0.00,0.00,0.00,-85.82
1790747676.302,1,1,0.0000,-0.0500,0.0000,0.98921,-3.88,-9.03,0.00,0.00,0.00,0.00,-85.82
1790747676.403,1,1,0.0000,-0.0500,0.0000,0.98921,-3.88,-9.03,0.00,0.00,0.00,0.00,-85.82
1790747676.504,1,1,0.0000,-0.0500,0.0000,0.98921,-3.88,-9.03,0.00,0.00,0.00,0.00,-85.82
1790747676.604,1,1,0.0000,-0.0500,0.0000,0.98921,-3.88,-9.03,0.00,0.00,0.00,0.00,-85.82
1790747676.704,1,1,0.0000,-0.0500,0.0000,0.98921,-3.88,-9.03,0.00,0.00,0.00,0.00,-85.82
1790747676.805,1,1,0.0000,-0.0500,0.0000,0.98921,-3.88,-9.03,0.00,0.00,0.00,0.00,-85.82
1790747676.906,1,1,0.0000,-0.0500,0.0000,0.98921,-3.88,-9.03,0.00,0.00,0.00,0.00,-85.82
1790747677.006,1,1,0.0000,-0.0500,0.0000,0.98921,-3.88,-9.03,0.00,0.00,0.00,0.00,-85.82
1790747677.107,1,1,0.0000,-0.0500,0.0000,0.98921,-3.88,-9.03,0.00,0.00,0.00,0.00,-85.82
1790747677.208,1,1,0.0000,-0.0500,0.0000,0.98921,-3.88,-9.03,0.00,0.00,0.00,0.00,-85.82
1790747677.308,1,1,0.0000,-0.0500,0.0000,0.98921,-3.88,-9.03,0.00,0.00,0.00,0.00,-85.82
1790747677.408,1,1,0.0000,-0.0500,0.0000,0.98921,-3.88,-9.03,0.00,0.00,0.00,0.00,-85.82
1790747677.509,1,1,0.0000,-0.0500,0.0000,0.98921,-3.88,-9.03,0.00,0.00,0.00,0.00,-85.82
1790747677.609,1,1,0.0000,-0.0500,0.0000,0.98921,-3.88,-9.03,0.00,0.00,0.00,0.00,-85.82
1790747677.710,1,1,0.0000,-0.0500,0.0000,0.98921,-3.88,-9.03,0.00,0.00,0.00,0.00,-85.82
1790747677.810,1,1,0.0000,-0.0500,0.0000,0.98921,-3.88,-9.03,0.00,0.00,0.00,0.00,-85.82
1790747677.911,1,1,0.0000,-0.0500,0.0000,0.98921,-3.88,-9.03,0.00,0.00,0.00,0.00,-85.82
1790747678.011,1,1,0.0000,-0.0500,0.0000,0.98921,-3.88,-9.03,0.00,0.00,0.00,0.00,-85.82
1790747678.112,1,1,0.0000,-0.0500,0.0000,0.98921,-3.88,-9.03,0.00,0.00,0.00,0.00,-85.82
1790747678.212,1,1,0.0000,-0.0500,0.0000,0.98921,-3.88,-9.03,0.00,0.00,0.00,0.00,-85.82
1790747678.313,1,1,0.0000,-0.0500,0.0000,0.98921,-3.88,-9.03,0.00,0.00,0.00,0.00,-85.82
1790747678.413,1,1,0.0000,-0.0500,0.0000,0.98921,-3.88,-9.03,0.00,0.00,0.00,0.00,-85.82
1790747678.514,1,1,0.0000,-0.0500,0.0000,0.98921,-3.88,-9.03,0.00,0.00,0.00,0.00,-85.82
1790747678.615,1,1,0.0000,-0.0500,0.0000,0.98921,-3.88,-9.03,0.00,0.00,0.00,0.00,-85.82
1790747678.715,1,1,0.0000,-0.0500,0.0000,0.98921,-3.88,-9.03,0.00,0.00,0.00,0.00,-85.82
1790747678.816,1,1,0.0000,-0.0500,0.0000,0.98921,-3.88,-9.03,0.00,0.00,0.00,0.00,-85.82
1790747678.916,1,1,0.0000,-0.0500,0.0000,0.98921,-3.88,-9.03,0.00,0.00,0.00,0.00,-85.82
1790747679.017,1,1,0.0000,-0.0500,0.0000,0.98921,-3.88,-9.03,0.00,0.00,0.00,0.00,-85.82
1790747679.118,1,1,0.0000,-0.0500,0.0000,0.98921,-3.88,-9.03,0.00,0.00,0.00,0.00,-85.82
1790747679.218,1,1,0.0000,-0.0500,0.0000,0.98921,-3.88,-9.03,0.00,0.00,0.00,0.00,-85.82
1790747679.319,1,1,0.0000,-0.0500,0.0000,0.98921,-3.88,-9.03,0.00,0.00,0.00,0.00,-85.82
1790747679.419,1,1,0.0000,-0.0500,0.0000,0.98921,-3.88,-9.03,0.00,0.00,0.00,0.00,-85.82
1790747679.519,1,1,0.0000,-0.0500,0.0000,0.98921,-3.88,-9.03,0.00,0.00,0.00,0.00,-85.82
1790747679.620,1,1,0.0000,-0.0500,0.0000,0.98921,-3.88,-9.03,0.00,0.00,0.00,0.00,-85.82
1790747679.720,1,1,0.0000,-0.0500,0.0000,0.98921,-3.88,-9.03,0.00,0.00,0.00,0.00,-85.82
1790747679.821,1,1,0.0000,-0.0500,0.0000,0.98921,-3.88,-9.03,0.00,0.00,0.00,0.00,-85.82
1790747679.921,1,1,0.0000,-0.0500,0.0000,0.98921,-3.88,-9.03,0.00,0.00,0.00,0.00,-85.82
1790747680.022,1,1,0.0000,-0.0500,0.0000,0.98921,-3.88,-9.03,0.00,0.00,0.00,0.00,-85.82
